Workbook

Sheet Sheet1
A1: Yearly Sales Report
A2: S/N | B2: Date | C2: Year | D2: Sales Rep | E2: Quantity Sold | F2: Amount
A3: 3 | B3: 40249 | C3: =TEXT(B3,"YYYY") -> 2010 | D3: Abdul | E3: 56 | F3: 12320 | I3: Sum of Sales by Years | O3: Condition | P3: Quantity
A4: 11 | B4: 40626 | C4: =TEXT(B4,"YYYY") -> 2011 | D4: Abdul | E4: 57 | F4: 12540 | H4: Sales Rep | I4: 2010 | J4: 2011 | K4: 2012 | N4: COUNTIF | O4: Abdul | P4: =COUNTIF($D$3:$D$26,O4) -> 6
A5: 12 | B5: 40693 | C5: =TEXT(B5,"YYYY") -> 2011 | D5: Abdul | E5: 48 | F5: 10560 | H5: Abdul | I5: =SUMIFS($F$3:$F$26,$D$3:$D$26,H5,$C$3:$C$26,$I$4) -> 12320 | J5: =SUMIFS($F$3:$F$26,$D$3:$D$26,H5,$C$3:$C$26,$J$4) -> 23100 | K5: =SUMIFS($F$3:$F$26,$D$3:$D$26,H5,$C$3:$C$26,$K$4) -> 25520 | O5: Ayo | P5: =COUNTIF($D$3:$D$26,O5) -> 3
A6: 16 | B6: 40953 | C6: =TEXT(B6,"YYYY") -> 2012 | D6: Abdul | E6: 51 | F6: 11220 | H6: Ada | I6: =SUMIFS($F$3:$F$26,$D$3:$D$26,H6,$C$3:$C$26,$I$4) -> 26840 | J6: =SUMIFS($F$3:$F$26,$D$3:$D$26,H6,$C$3:$C$26,$J$4) -> 0 | K6: =SUMIFS($F$3:$F$26,$D$3:$D$26,H6,$C$3:$C$26,$K$4) -> 15840 | O6: Ada | P6: =COUNTIF($D$3:$D$26,O6) -> 5
A7: 19 | B7: 41014 | C7: =TEXT(B7,"YYYY") -> 2012 | D7: Abdul | E7: 24 | F7: 5280 | H7: Ayo | I7: =SUMIFS($F$3:$F$26,$D$3:$D$26,H7,$C$3:$C$26,$I$4) -> 16720 | J7: =SUMIFS($F$3:$F$26,$D$3:$D$26,H7,$C$3:$C$26,$J$4) -> 6160 | K7: =SUMIFS($F$3:$F$26,$D$3:$D$26,H7,$C$3:$C$26,$K$4) -> 7920 | O7: Ese | P7: =COUNTIF($D$3:$D$26,O7) -> 3
A8: 21 | B8: 41068 | C8: =TEXT(B8,"YYYY") -> 2012 | D8: Abdul | E8: 41 | F8: 9020 | H8: Ese | I8: =SUMIFS($F$3:$F$26,$D$3:$D$26,H8,$C$3:$C$26,$I$4) -> 19800 | J8: =SUMIFS($F$3:$F$26,$D$3:$D$26,H8,$C$3:$C$26,$J$4) -> 20900 | K8: =SUMIFS($F$3:$F$26,$D$3:$D$26,H8,$C$3:$C$26,$K$4) -> 11440 | O8: Tola | P8: =COUNTIF($D$3:$D$26,O8) -> 7
A9: 4 | B9: 40249 | C9: =TEXT(B9,"YYYY") -> 2010 | D9: Ada | E9: 48 | F9: 10560 | H9: Tola | I9: =SUMIFS($F$3:$F$26,$D$3:$D$26,H9,$C$3:$C$26,$I$4) -> 29040 | J9: =SUMIFS($F$3:$F$26,$D$3:$D$26,H9,$C$3:$C$26,$J$4) -> 33440 | K9: =SUMIFS($F$3:$F$26,$D$3:$D$26,H9,$C$3:$C$26,$K$4) -> 20240
A10: 7 | B10: 40464 | C10: =TEXT(B10,"YYYY") -> 2010 | D10: Ada | E10: 24 | F10: 5280
A11: 8 | B11: 40505 | C11: =TEXT(B11,"YYYY") -> 2010 | D11: Ada | E11: 50 | F11: 11000 | H11: Total qty sold per yr | I11: =SUM(I5:I9) -> 104720 | J11: =SUM(J5:J9) -> 83600 | K11: =SUM(K5:K9) -> 80960
A12: 17 | B12: 40953 | C12: =TEXT(B12,"YYYY") -> 2012 | D12: Ada | E12: 25 | F12: 5500 | H12: Avr qty per yr | I12: =AVERAGE(I5:I9) -> 20944 | J12: =AVERAGE(J5:J9) -> 16720 | K12: =AVERAGE(K5) -> 25520
A13: 20 | B13: 41068 | C13: =TEXT(B13,"YYYY") -> 2012 | D13: Ada | E13: 47 | F13: 10340 | H13: Total qty sold Acrss yr | I13: =SUM(I5:K11) -> 538560
A14: 1 | B14: 40221 | C14: =TEXT(B14,"YYYY") -> 2010 | D14: Ayo | E14: 76 | F14: 16720
A15: 14 | B15: 40711 | C15: =TEXT(B15,"YYYY") -> 2011 | D15: Ayo | E15: 28 | F15: 6160 | J15: Condition | K15: Quantity | L15: Amount | P15: Quantity Sold by Years
A16: 23 | B16: 41183 | C16: =TEXT(B16,"YYYY") -> 2012 | D16: Ayo | E16: 36 | F16: 7920 | I16: SUMIF | J16: Abdul | K16: =SUMIF($D$3:$D$26,"Abdul",$E$3:$E$26) -> 277 | L16: =SUMIF($D$3:$D$26,"Abdul",$F$3:$F$26) -> 60940 | O16: Sales Rep | P16: 2010 | Q16: 2011 | R16: 2012
A17: 6 | B17: 40418 | C17: =TEXT(B17,"YYYY") -> 2010 | D17: Ese | E17: 90 | F17: 19800 | J17: Ayo | K17: =SUMIF($D$3:$D$26,"Ayo",$E$3:$E$26) -> 140 | L17: =SUMIF($D$3:$D$26,"Ayo",$F$3:$F$26) -> 30800 | O17: Abdul | P17: =SUMIFS($E$3:$E$26,$D$3:$D$26,"Abdul",$C$3:$C$26,"2010") -> 56 | Q17: =SUMIFS($E$3:$E$26,$D$3:$D$26,"Abdul",$C$3:$C$26,"2011") -> 105 | R17: =SUMIFS($E$3:$E$26,$D$3:$D$26,"Abdul",$C$3:$C$26,"2012") -> 116
A18: 10 | B18: 40611 | C18: =TEXT(B18,"YYYY") -> 2011 | D18: Ese | E18: 95 | F18: 20900 | J18: Ada | K18: =SUMIF($D$3:$D$26,"Ada",$E$3:$E$26) -> 194 | L18: =SUMIF($D$3:$D$26,"Ada",$F$3:$F$26) -> 42680 | O18: Ayo | P18: =SUMIFS($E$3:$E$26,$D$3:$D$26,"Ayo",$C$3:$C$26,"2010") -> 76 | Q18: =SUMIFS($E$3:$E$26,$D$3:$D$26,"Ayo",$C$3:$C$26,"2011") -> 28 | R18: =SUMIFS($E$4:$E$27,$D$4:$D$27,"Ayo",$C$4:$C$27,"2012") -> 36
A19: 22 | B19: 41125 | C19: =TEXT(B19,"YYYY") -> 2012 | D19: Ese | E19: 52 | F19: 11440 | J19: Ese | K19: =SUMIF($D$3:$D$26,"Ese",$E$3:$E$26) -> 237 | L19: =SUMIF($D$3:$D$26,"Ese",$F$3:$F$26) -> 52140 | O19: Ada | P19: =SUMIFS($E$3:$E$26,$D$3:$D$26,"Ada",$C$3:$C$26,"2010") -> 122 | Q19: =SUMIFS($E$3:$E$26,$D$3:$D$26,"Ada",$C$3:$C$26,"2011") -> 0 | R19: =SUMIFS($E$4:$E$27,$D$4:$D$27,"Ada",$C$4:$C$27,"2012") -> 72
A20: 2 | B20: 40235 | C20: =TEXT(B20,"YYYY") -> 2010 | D20: Tola | E20: 59 | F20: 12980 | J20: Tola | K20: =SUMIF($D$3:$D$26,"Tola",$E$3:$E$26) -> 376 | L20: =SUMIF($D$3:$D$26,"Tola",$F$3:$F$26) -> 82720 | O20: Ese | P20: =SUMIFS($E$3:$E$26,$D$3:$D$26,"Ese",$C$3:$C$26,"2010") -> 90 | Q20: =SUMIFS($E$3:$E$26,$D$3:$D$26,"Ese",$C$3:$C$26,"2011") -> 95 | R20: =SUMIFS($E$4:$E$27,$D$4:$D$27,"Ese",$C$4:$C$27,"2012") -> 52
A21: 5 | B21: 40418 | C21: =TEXT(B21,"YYYY") -> 2010 | D21: Tola | E21: 40 | F21: 8800 | O21: Tola | P21: =SUMIFS($E$3:$E$26,$D$3:$D$26,"Tola",$C$3:$C$26,"2010") -> 132 | Q21: =SUMIFS($E$3:$E$26,$D$3:$D$26,"Tola",$C$3:$C$26,"2011") -> 152 | R21: =SUMIFS($E$4:$E$27,$D$4:$D$27,"Tola",$C$4:$C$27,"2012") -> 92
A22: 9 | B22: 40505 | C22: =TEXT(B22,"YYYY") -> 2010 | D22: Tola | E22: 33 | F22: 7260
A23: 13 | B23: 40711 | C23: =TEXT(B23,"YYYY") -> 2011 | D23: Tola | E23: 88 | F23: 19360
A24: 15 | B24: 40734 | C24: =TEXT(B24,"YYYY") -> 2011 | D24: Tola | E24: 64 | F24: 14080
A25: 18 | B25: 41014 | C25: =TEXT(B25,"YYYY") -> 2012 | D25: Tola | E25: 32 | F25: 7040
A26: 24 | B26: 41183 | C26: =TEXT(B26,"YYYY") -> 2012 | D26: Tola | E26: 60 | F26: 13200 | I26: FUNCTIONS
J27: Quantity | K27: Amount
I28: SUM | J28: =SUM(E3:E26) -> 1224 | K28: =SUM(F3:F26) -> 269280
I29: MINIMUM | J29: =MIN(E3:E26) -> 24 | K29: =MIN(F3:F26) -> 5280
I30: MAXIMUM | J30: =MAX(E3:E26) -> 95 | K30: =MAX(F3:F26) -> 20900
I31: AVERAGE | J31: =AVERAGE(E3:E26) -> 51 | K31: =AVERAGE(F3:F26) -> 11220
I32: COUNT | J32: =COUNT(E3:E26) -> 24 | K32: =COUNT(F3:F26) -> 24
I33: COUNTA | J33: =COUNTA(E3:E26) -> 24 | K33: =COUNTA(F3:F26) -> 24

Sheet Sheet2
N1: REPRESENTATIVE ACTIVITY
B2: YEARLY TRENDS | N2: NO OF TRANSC PER SALES REP | Q2: MOST ACTIVE REP
B3: Sum of Sales by Years | J3: Quantity Sold by Years | O3: Condition | P3: Quantity | Q3: TOLA
A4: Sales Rep | B4: 2010 | C4: 2011 | D4: 2012 | I4: Sales Rep | J4: 2010 | K4: 2011 | L4: 2012 | N4: COUNTIF | O4: Abdul | P4: =COUNTIF($D$5:$D$28,O4) -> 6
A5: Abdul | B5: =SUMIFS($F$5:$F$28,$D$5:$D$28,A5,$C$5:$C$28,$I$6) -> 12320 | C5: =SUMIFS($F$5:$F$28,$D$5:$D$28,A5,$C$5:$C$28,$J$6) -> 23100 | D5: =SUMIFS($F$5:$F$28,$D$5:$D$28,A5,$C$5:$C$28,#REF!) -> 25520 | I5: Abdul | J5: =SUMIFS($E$5:$E$28,$D$5:$D$28,"Abdul",$C$5:$C$28,"2010") -> 56 | K5: =SUMIFS($E$5:$E$28,$D$5:$D$28,"Abdul",$C$5:$C$28,"2011") -> 105 | L5: =SUMIFS($E$5:$E$28,$D$5:$D$28,"Abdul",$C$5:$C$28,"2012") -> 116 | O5: Ayo | P5: =COUNTIF($D$5:$D$28,O5) -> 3
A6: Ada | B6: =SUMIFS($F$5:$F$28,$D$5:$D$28,A6,$C$5:$C$28,$I$6) -> 26840 | C6: =SUMIFS($F$5:$F$28,$D$5:$D$28,A6,$C$5:$C$28,$J$6) -> 0 | D6: =SUMIFS($F$5:$F$28,$D$5:$D$28,A6,$C$5:$C$28,#REF!) -> 15840 | I6: Ayo | J6: =SUMIFS($E$5:$E$28,$D$5:$D$28,"Ayo",$C$5:$C$28,"2010") -> 76 | K6: =SUMIFS($E$5:$E$28,$D$5:$D$28,"Ayo",$C$5:$C$28,"2011") -> 28 | L6: =SUMIFS($E$6:$E$29,$D$6:$D$29,"Ayo",$C$6:$C$29,"2012") -> 36 | O6: Ada | P6: =COUNTIF($D$5:$D$28,O6) -> 5
A7: Ayo | B7: =SUMIFS($F$5:$F$28,$D$5:$D$28,A7,$C$5:$C$28,$I$6) -> 16720 | C7: =SUMIFS($F$5:$F$28,$D$5:$D$28,A7,$C$5:$C$28,$J$6) -> 6160 | D7: =SUMIFS($F$5:$F$28,$D$5:$D$28,A7,$C$5:$C$28,#REF!) -> 7920 | I7: Ada | J7: =SUMIFS($E$5:$E$28,$D$5:$D$28,"Ada",$C$5:$C$28,"2010") -> 122 | K7: =SUMIFS($E$5:$E$28,$D$5:$D$28,"Ada",$C$5:$C$28,"2011") -> 0 | L7: =SUMIFS($E$6:$E$29,$D$6:$D$29,"Ada",$C$6:$C$29,"2012") -> 72 | O7: Ese | P7: =COUNTIF($D$5:$D$28,O7) -> 3
A8: Ese | B8: =SUMIFS($F$5:$F$28,$D$5:$D$28,A8,$C$5:$C$28,$I$6) -> 19800 | C8: =SUMIFS($F$5:$F$28,$D$5:$D$28,A8,$C$5:$C$28,$J$6) -> 20900 | D8: =SUMIFS($F$5:$F$28,$D$5:$D$28,A8,$C$5:$C$28,#REF!) -> 11440 | I8: Ese | J8: =SUMIFS($E$5:$E$28,$D$5:$D$28,"Ese",$C$5:$C$28,"2010") -> 90 | K8: =SUMIFS($E$5:$E$28,$D$5:$D$28,"Ese",$C$5:$C$28,"2011") -> 95 | L8: =SUMIFS($E$6:$E$29,$D$6:$D$29,"Ese",$C$6:$C$29,"2012") -> 52 | O8: Tola | P8: =COUNTIF($D$5:$D$28,O8) -> 7
A9: Tola | B9: =SUMIFS($F$5:$F$28,$D$5:$D$28,A9,$C$5:$C$28,$I$6) -> 29040 | C9: =SUMIFS($F$5:$F$28,$D$5:$D$28,A9,$C$5:$C$28,$J$6) -> 33440 | D9: =SUMIFS($F$5:$F$28,$D$5:$D$28,A9,$C$5:$C$28,#REF!) -> 20240 | I9: Tola | J9: =SUMIFS($E$5:$E$28,$D$5:$D$28,"Tola",$C$5:$C$28,"2010") -> 132 | K9: =SUMIFS($E$5:$E$28,$D$5:$D$28,"Tola",$C$5:$C$28,"2011") -> 152 | L9: =SUMIFS($E$6:$E$29,$D$6:$D$29,"Tola",$C$6:$C$29,"2012") -> 92
J10: INVENTORY IMPACT
I11: Total qty sold per yr | J11: =SUM(Sheet1!P17:P21) -> 476 | K11: =SUM(Sheet1!Q17:Q21) -> 380 | L11: =SUM(Sheet1!R17:R21) -> 368
I12: Avr qty per yr | J12: =AVERAGE(Sheet1!P17:P21) -> 95.2 | K12: =AVERAGE(Sheet1!Q17:Q21) -> 76 | L12: =AVERAGE(Sheet1!R21) -> 92
I13: Total qty sold Acrss yr | J13: =SUM(Sheet1!P17:R21) -> 1224
N17: PERFORMANCE EXTREMES
C18: FINANCIAL CONTRIBUTION | I18: FUNCTIONS | M18: Highest transc Amount | P18: Lowest trans Amt
B19: Condition | C19: Quantity | D19: Amount | E19: TOTAL REVENUE PER SALESREP | J19: Quantity | K19: Amount | M19: 20900 | P19: 5280
A20: SUMIF | B20: Abdul | C20: =SUMIF($D$5:$D$28,"Abdul",$E$5:$E$28) -> 277 | D20: =SUMIF($D$5:$D$28,"Abdul",$F$5:$F$28) -> 60940 | E20: =SUMIF($D$3:$D$26,"Abdul",$F$3:$F$26) -> 60940 | I20: SUM | J20: =SUM(Sheet1!E3:E26) -> 1224 | K20: =SUM(Sheet1!F3:F26) -> 269280
B21: Ayo | C21: =SUMIF($D$5:$D$28,"Ayo",$E$5:$E$28) -> 140 | D21: =SUMIF($D$5:$D$28,"Ayo",$F$5:$F$28) -> 30800 | E21: =SUMIF($D$3:$D$26,"Ayo",$F$3:$F$26) -> 30800 | I21: MINIMUM | J21: =MIN(Sheet1!E3:E26) -> 24 | K21: =MIN(Sheet1!F3:F26) -> 5280
B22: Ada | C22: =SUMIF($D$5:$D$28,"Ada",$E$5:$E$28) -> 194 | D22: =SUMIF($D$5:$D$28,"Ada",$F$5:$F$28) -> 42680 | E22: =SUMIF($D$3:$D$26,"Ada",$F$3:$F$26) -> 42680 | I22: MAXIMUM | J22: =MAX(Sheet1!E3:E26) -> 95 | K22: =MAX(Sheet1!F3:F26) -> 20900
B23: Ese | C23: =SUMIF($D$5:$D$28,"Ese",$E$5:$E$28) -> 237 | D23: =SUMIF($D$5:$D$28,"Ese",$F$5:$F$28) -> 52140 | E23: =SUMIF($D$3:$D$26,"Ese",$F$3:$F$26) -> 52140 | I23: AVERAGE | J23: =AVERAGE(Sheet1!E3:E26) -> 51 | K23: =AVERAGE(Sheet1!F3:F26) -> 11220
B24: Tola | C24: =SUMIF($D$5:$D$28,"Tola",$E$5:$E$28) -> 376 | D24: =SUMIF($D$5:$D$28,"Tola",$F$5:$F$28) -> 82720 | E24: =SUMIF($D$3:$D$26,"Tola",$F$3:$F$26) -> 82720 | I24: COUNT | J24: =COUNT(Sheet1!E3:E26) -> 24 | K24: =COUNT(Sheet1!F3:F26) -> 24
I25: COUNTA | J25: =COUNTA(Sheet1!E3:E26) -> 24 | K25: =COUNTA(Sheet1!F3:F26) -> 24
